word,count
45,22389
solid,10415
0,7850
mt,3335
our,1991
other,933
2023,894
risk,855
financial,833
december,782
credit,675
value,632
capital,607
sachs,599
may,520
have,509
assets,500
which,498
management,486
fair,485
securities,480
group,467
these,464
not,461
from,459
firm,455
certain,449
including,444
loans,427
information,423
inc,420
market,404
2022,398
form,394
net,384
consolidated,358
level,357
table,356
goldman,350
also,346
such,345
interest,333
about,314
its,312
u.s,304
related,299
activities,289
under,282
equity,275
included,272
below,271
cash,269
subsidiaries,268
losses,268
debt,263
business,260
transactions,259
subject,258
requirements,255
regulatory,252
billion,251
bank,246
clients,243
liquidity,238
derivatives,227
stock,225
investment,224
all,222
common,221
was,218
firms,215
new,211
3,209
presents,209
has,207
investments,207
addition,207
significant,202
were,201
asset,199
instruments,198
could,197
liabilities,193
include,188
impact,188
changes,187
their,186
based,186
banking,184
revenues,183
businesses,182
lending,181
real,179
future,178
into,176
rate,173
due,173
inputs,171
risks,171
among,170
primarily,170
defendants,170
through,169
million,169
generally,167
both,166
funding,165
further,165
trading,164
us,164
well,163
than,163
commitments,161
collateral,161
been,160
results,160
markets,160
see,159
any,159
obligations,159
ended,153
statements,153
includes,152
funds,152
1,148
financing,141
tax,141
court,141
if,139
filed,138
used,138
2021,137
note,137
result,136
would,135
district,135
services,134
price,133
approximately,131
part,131
average,131
year,130
agreements,130
during,129
unsecured,125
committee,125
reporting,124
will,123
amount,123
long-term,122
it,122
over,121
public,121
exposure,121
deposits,120
estate,119
relating,119
gs,118
those,118
income,118
rules,118
each,117
corporate,117
secured,117
rates,116
global,115
accounted,114
increase,113
within,113
provide,112
regulations,112
stress,112
valuation,112
reference,111
more,111
adversely,111
connection,110
offering,110
firmwide,110
period,107
basis,107
derivative,107
borrowings,107
fees,106
client,106
operations,106
economic,105
potential,105
levels,104
use,103
when,103
class,103
factors,103
earnings,102
above,102
operational,102
conditions,102
balance,100
products,100
loan,100
total,100
loss,98
resolution,98
required,97
held,97
operating,97
amended,97
internal,96
increased,96
performance,95
shareholders,93
wealth,93
action,93
material,93
complaint,92
control,91
consumer,91
positions,91
counterparties,91
laws,91
2,90
government,90
employees,90
process,90
usa,89
institutions,88
amounts,88
act,87
discussion,87
where,87
framework,87
had,87
collateralized,86
federal,86
ability,86
current,86
principal,85
time,85
but,85
shares,84
substantially,84
financings,83
york,82
do,82
applicable,82
issued,81
10-k,81
prices,81
between,81
preferred,80
reflected,80
31,80
lower,80
require,80
unrealized,80
agreement,79
additional,79
report,78
transaction,78
expected,78
exposures,77
can,77
affected,77
security,77
ratio,77
allowance,77
var,77
regulation,76
private,76
entities,76
share,76
higher,76
no,75
make,75
activity,75
policies,75
they,75
compliance,75
affect,75
exchange,74
plaintiffs,74
above:,74
aggregate,73
underlying,73
counterparty,73
cost,73
classified,73
compensation,71
item,71
across,71
agency,71
sale,71
interests,71
inc.s,70
annual,70
plan,70
respect,69
u.k,69
carrying,69
measures,68
described,68
one,67
commercial,67
gains,67
senior,67
events,67
change,67
assessment,66
5,66
legal,66
portfolio,66
exhibit,66
similar,66
effective,66
model,66
underwriters,66
rule,65
data,65
claims,65
accounting,64
systems,64
e.u,64
models,64
chief,64
officer,64
sheet,63
spreads,63
cybersecurity,63
event,63
prior,63
(including,62
frb,62
minimum,62
calculated,62
repurchase,62
manage,61
rating,61
offset,61
motion,61
dismiss,61
2024,60
range,60
support,60
significantly,60
state,60
regulators,60
non-u.s,60
swaps,59
against,59
recognized,59
contracts,59
adverse,59
default,59
using,59
unobservable,59
maintain,58
technology,58
third-party,58
oversight,58
determine,58
realized,58
amortized,58
years,57
provides,57
fund,57
committees,57
costs,57
and/or,57
netting,57
registrants,56
10,56
board,56
parties,56
industry,56
condition,56
quarter,56
increases,56
short-term,56
leverage,56
dividends,56
proposed,56
things,56
determined,56
ratings,56
7,55
continue,55
limits,55
january,55
contractual,55
third,55
(incorporated,55
representing,54
received,54
independent,54
market-making,54
less,54
card,54
approach,54
available,53
access,53
program,53
directors,53
failure,53
appropriate,53
analysis,52
comprehensive,52
requires,52
investing,52
(i),52
(ii),52
many,52
various,52
payments,52
conduct,52
out,52
sec,52
actions,52
per,51
officers,51
regarding,51
individual,51
instrument,51
review,51
matters,51
estimated,51
putative,51
growth,50
solutions,50
types,50
partially,50
law,50
granted,50
type,50
procedures,50
volatility,50
past,49
large,49
provided,49
advisory,49
commodities,49
seek,49
commodity,49
swap,49
tests,49
second,49
arrangements,49
compared,49
standards,48
there,48
structure,48
currency,48
liability,48
risk-based,48
requirement,48
july,48
restrictions,48
transfers,48
weighted,48
company,47
june,47
initial,47
alternative,47
designed,47
environment,47
2020,47
provisions,47
practices,47
estimate,47
receivables,47
notes,46
foreign,46
terms,46
regulated,46
major,46
who,46
service,46
some,46
lease,46
vies,46
registered,45
reported,45
planning,45
greensky,45
most,45
gsi,45
ratios,45
associated,45
limit,45
august,45
proceedings,45
expenses,45
november,45
recovery,44
underwriting,44
climate,44
gsbe,44
limited,44
entity,44
flows,44
named,44
number,43
ii,43
reduce,43
general,43
meet,43
measurement,43
plans,43
reputational,43
expense,43
cases,43
decrease,43
goodwill,43
hierarchy,43
hedging,42
product,42
date,42
managing,42
quality,42
controls,42
4,41
institution,41
first,41
professionals,41
apply,41
i,41
accordance,41
buffer,41
sheets,41
units,41
(principally,41
march,40
reflect,40
directly,40
example,40
specific,40
processes,40
limitations,40
protection,40
fdic,40
otherwise,40
maturity,40
guarantees,40
subordinated,40
finance,39
whether,39
jurisdictions,39
term,39
position,39
backed,39
established,39
payment,39
because,39
standardized,39
responsible,39
end,39
negative,39
award,39
companies,38
sell,38
residential,38
variety,38
represent,38
primary,38
reflecting,38
testing,38
october,38
transparency,38
gross,38
strategic,37
particular,37
receive,37
clearing,37
life,37
organizations,37
values,37
following,37
nature,37
daily,37
does,37
settlement,37
equivalents,37
executive,36
equities,36
liquid,36
treasury,36
making,36
extent,36
deposit,36
strategy,36
conflicts,36
effect,36
ensure,36
paid,36
account,36
while,36
february,36
offerings,35
hedge,35
disclosure,35
metrics,35
benefits,35
likely,35
only,35
wholesale,35
techniques,35
(e.g,35
awards,35
audit,34
investors,34
critical,34
sales,34
right,34
agencies,34
composition,34
authority,34
advanced,34
eligible,34
same,34
possible,34
intangible,34
underwrote,34
variable,33
incentive,33
platform,33
offer,33
hedges,33
circumstances,33
own,33
believe,33
beginning,33
monitoring,33
transfer,33
therefore,33
case,33
customer,33
actual,33
materially,33
represents,33
reports,32
effectiveness,32
broad,32
subsidiary,32
highly,32
invest,32
return,32
basel,32
gsib,32
scenario,32
external,32
made,32
appetite,32
impairment,32
borrowed,32
loaned,32
fiscal,31
issuer,31
relevant,31
disclosures,31
insurance,31
take,31
purchased,31
(iii),31
accounts,31
governmental,31
relative,31
guidance,31
reputation,31
governance,31
upon,31
macroeconomic,31
resale,31
damages,31
assess,31
litigation,31
profitability,31
concentration,31
remaining,31
recorded,31
gains/(losses),31
southern,31
denied,31
dated,31
series,30
benefit,30
currencies,30
trade,30
providing,30
development,30
otc,30
resulted,30
being,30
policy,30
2018,30
overview,30
test,30
approval,30
concerns,30
taxes,30
segment,30
defined,29
managements,29
statement,29
platforms,29
acquisitions,29
participants,29
execution,29
obligation,29
consists,29
operate,29
key,29
different,29
order,29
greater,29
banks,29
single,29
issuance,29
uncertainty,29
negatively,29
scenarios,29
share-based,29
-,29
payable,29
asu,29
rsus,29
qualitative,28
securitization,28
18,28
relationships,28
futures,28
overall,28
typically,28
needs,28
managed,28
attacks,28
sustainability,28
dealers,28
adjustments,28
measure,28
occur,28
excess,28
after,28
portion,28
cause,28
hold,28
antitrust,28
fixed,27
holding,27
worldwide,27
people,27
initiatives,27
international,27
pricing,27
existing,27
security-based,27
broker-dealer,27
tier,27
g-sib,27
internally,27
summary,27
rights,27
guarantee,27
provision,27
purposes,27
gcla,27
technologies,27
deferred,27
identifiable,27
specified,26
days,26
previously,26
15,26
22,26
three,26
sources,26
resources,26
fourth,26
bhc,26
set,26
approved,26
creditors,26
resulting,26
hybrid,26
pursuant,25
transition,25
11,25
manner,25
local,25
margin,25
recent,25
2025,25
them,25
performing,25
face,25
expect,25
competitors,25
central,25
effects,25
rwas,25
modeled,25
april,25
holders,25
mitigate,25
covered,25
impacted,25
periods,25
evidence,25
vie,25
extended,24
response,24
8,24
individuals,24
full,24
reserve,24
institutional,24
exchanges,24
asset-backed,24
historical,24
consist,24
important,24
evaluating,24
timely,24
able,24
receives,24
enter,24
cftc,24
application,24
affiliates,24
2019,24
judgment,24
correlation,24
(reflecting,24
ranges,24
elected,23
30,23
purchases,23
25,23
others,23
portfolios,23
ongoing,23
timing,23
resilience,23
countries,23
present,23
reviews,23
supervision,23
however,23
methodology,23
quarterly,23
termination,23
size,23
characteristics,23
monitor,23
decline,23
reduced,23
either,23
given,23
vendors,23
sensitivity,23
available-for-sale,23
moved,23
12,22
index,22
14,22
intermediation,22
develop,22
raise,22
high,22
strategies,22
managers,22
offices,22
consumers,22
completed,22
entered,22
installment,22
cyber,22
continued,22
even,22
so,22
considered,22
quantitative,22
surcharge,22
year-end,22
consistent,22
authorities,22
dividend,22
involved,22
secondary,22
region,22
repurchases,22
inherent,22
reduction,22
yield,22
did,22
outstanding,21
beneficial,21
dates,21
segments,21
times,21
involving,21
municipal,21
environmental,21
cover,21
borrowing,21
around,21
experience,21
director,21
currently,21
two,21
since,21
(i.e,21
qualified,21
extensive,21
designated,21
become,21
must,21
lcr,21
nsfr,21
adequacy,21
borrowers,21
differ,21
lack,21
geopolitical,21
principally,21
functions,21
rollforward,21
tenor,21
enterprise,21
iii,20
facilitate,20
complex,20
help,20
sovereign,20
structured,20
programs,20
sold,20
percentage,20
issues,20
another,20
developments,20
comply,20
implemented,20
principles,20
status,20
necessary,20
direct,20
longer,20
dealer,20
implementation,20
outflows,20
projected,20
perform,20
transferred,20
arising,20
ola,20
best,20
consideration,20
media,20
line,20
exceeded,20
23,19
classes,19
demand,19
mortgage,19
additionally,19
multiple,19
indices,19
physical,19
electronic,19
personal,19
retain,19
efforts,19
outside,19
difference,19
incorporate,19
money,19
delivery,19
california,19
incur,19
aus,19
hedged,19
measured,19
enforceable,19
ai,19
method,19
presented,19
observable,19
amortization,19
spread,19
maximum,19
shown,19
complaints,19
indenture,19
registrant,18
9,18
17,18
20,18
acquisition,18
diverse,18
defense,18
globally,18
involve,18
infrastructure,18
majority,18
benchmark,18
reasonable,18
opportunities,18
certification,18
climate-related,18
reform,18
pay,18
accordingly,18
retained,18
sufficient,18
profits,18
permitted,18
contract,18
expectations,18
capacity,18
forward,18
reasonably,18
inflation,18
difficult,18
lines,18
courts,18
estimates,18
valued,18
balances,18
payables,18
section,17
enhanced,17
emerging,17
base,17
depository,17
engage,17
arise,17
bonds,17
industries,17
allocation,17
diversity,17
how,17
effectively,17
health,17
asia,17
economy,17
dodd-frank,17
location,17
usas,17
category,17
discretionary,17
german,17
reflects,17
profile,17
appointed,17
declines,17
particularly,17
enforcement,17
sanctions,17
investigations,17
confidence,17
damage,17
identify,17
distributed,17
makes,17
indirectly,17
driven,17
determining,17
revenue-producing,17
unit,17
ear,17
delivered,17
semi-annually,17
27,16
relationship,16
volume,16
address,16
generate,16
issuers,16
maturities,16
commissions,16
achieve,16
brokerage,16
exceeds,16
llc,16
facilities,16
world,16
locations,16
target,16
obtain,16
unable,16
uncertain,16
supervisory,16
scope,16
distributions,16
scb,16
adjustment,16
final,16
impose,16
special,16
tlac,16
party,16
investor,16
conflict,16
posted,16
possibly,16
cet1,16
settlements,16
downgrade,16
often,16
assessing,16
pre-tax,16
analyses,16
restricted,16
points,16
circuit,16
13,15
19,15
28,15
prevent,15
governments,15
purpose,15
execute,15
savings,15
regularly,15
loans),15
natural,15
enable,15
implement,15
marcus,15
customers,15
providers,15
confidential,15
developed,15
crisis,15
determination,15
social,15
expand,15
training,15
before,15
taking,15
leave,15
responsibilities,15
located,15
evaluate,15
integrated,15
priority,15
prudential,15
pra,15
frbs,15
proposal,15
calculation,15
plus,15
accumulated,15
trustee,15
respective,15
liquidation,15
enters,15
cra,15
served,15
written,15
relate,15
(in,15
threats,15
borrower,15
volumes,15
inventory,15
course,15
alleged,15
invested,15
outlook,15
measurements,15
adjusted,15
performed,15
tables,15
positive,15
notional,15
(credit,15
attributable,15
+,15
unspecified,15
ads,15
revised,14
continuity,14
16,14
21,14
24,14
employee,14
areas,14
short,14
stocks,14
vice,14
assignments,14
need,14
warehouse,14
work,14
active,14
participant,14
goals,14
structures,14
separately,14
flow,14
returns,14
assurance,14
broader,14
developing,14
inclusion,14
depend,14
least,14
reviewed,14
up,14
without,14
2015,14
remain,14
compete,14
1a,14
include:,14
european,14
planned,14
several,14
guidelines,14
fully,14
horizon,14
orderly,14
thresholds,14
intercompany,14
tangible,14
fee,14
believes,14
exposed,14
should,14
anticipated,14
modified,14
low,14
lead,14
decreased,14
decreases,14
impaired,14
property,14
averages,14
ihc,14
improvements,14
(primarily,14
discounted,14
appeals,14
responsibility,14
chairs,14
income/(loss),14
accrued,14
exclude,14
fixed-rate,14
sip,14
rsu,14
states,13
commission,13
submit,13
incorporated,13
deliver,13
generates,13
charged,13
objectives,13
national,13
assist,13
bridge,13
targets,13
inflows,13
satisfy,13
community,13
evaluation,13
recognize,13
maintaining,13
periodically,13
human,13
competitive,13
competition,13
until,13
broker-dealers,13
j,13
standard,13
largely,13
off-balance,13
judgments,13
calculate,13
indicators,13
monthly,13
involvement,13
separate,13
stressed,13
unless,13
(iv),13
exercise,13
assessed,13
imposed,13
expose,13
country,13
decisions,13
8-k,13
unemployment,13
revolving,13
still,13
duration,13
divided,13
ficc,13
conformed,13
short-,13
indemnifications,13
contingent,13
intraday,13
relief,13
jurisdiction,12
months,12
accelerated,12
corporation,12
system,12
mergers,12
efficiency,12
proprietary,12
power,12
prime,12
gm,12
unauthorized,12
extreme,12
culture,12
president,12
periodic,12
member,12
reducing,12
oversees,12
bid/offer,12
amendments,12
department,12
gsbes,12
retail,12
applies,12
book,12
published,12
unencumbered,12
disclose,12
bhcs,12
companys,12
junior,12
differences,12
forward-looking,12
statutory,12
(which,12
core,12
nydfs,12
consider,12
post,12
appropriately,12
laundering,12
identification,12
seeks,12
privacy,12
penalties,12
he,12
inability,12
malaysia,12
impair,12
caused,12
pledged,12
vendor,12
personnel,12
treble,12
components,12
suitability,12
regular,12
impairments,12
(included,12
discount,12
mitigants,12
dismissed,12
floating,11
check,11
(as,11
6,11
leading,11
diversified,11
sustainable,11
goal,11
revenue,11
buyer,11
seller,11
(collectively,11
securities),11
cross-border,11
create,11
mortgages,11
establish,11
vary,11
earned,11
software,11
sensitive,11
expanded,11
networks,11
americas,11
partner,11
focus,11
members,11
together,11
middle,11
geographic,11
gain,11
cannot,11
street,11
countercyclical,11
incorporates,11
component,11
updated,11
gsis,11
declared,11
opinion,11
intended,11
powers,11
down,11
groups,11
civil,11
record,11
frequency,11
registration,11
month,11
pending,11
substantial,11
political,11
contributed,11
seeking,11
movements,11
ordinary,11
carried,11
purchase,11
leases,11
input,11
nonaccrual,11
forecast,11
gaap,11
unrecognized,11
dividing,11
(excluding,11
interest-bearing,11
pension,11
concentrations,11
long-,11
fico,11
housing,11
necessarily,11
proceeds,11
commentary,11
conspiracy,11
mark,10
affiliated,10
26,10
parent,10
point,10
commit,10
actively,10
mortgage-backed,10
research,10
fundamental,10
investment-grade,10
commitment,10
securities-based,10
mutual,10
identifying,10
capabilities,10
allocated,10
engaged,10
holdings,10
importance,10
weather,10
availability,10
forth,10
black,10
participate,10
projects,10
code,10
successful,10
europe,10
east,10
issuances,10
operation,10
dependent,10
advisers,10
increasing,10
scrutiny,10
known,10
examination,10
regime,10
directive,10
crr,10
conservation,10
constraints,10
reserves,10
depending,10
approaches,10
equal,10
website,10
distribution,10
place,10
early,10
grant,10
temporary,10
five,10
categories,10
long,10
applying,10
continuing,10
contingency,10
charges,10
yields,10
settled,10
2016,10
head,10
chair,10
alerts,10
ukraine,10
declining,10
deterioration,10
defaults,10
misconduct,10
criminal,10
creditworthiness,10
tensions,10
valuing,10
issue,10
agents,10
claim,10
challenging,10
violations,10
frequently,10
credits,10
changed,10
consisting,10
supplemental,10
respectively,10
volatilities,10
scores,10
delinquency,10
probability,10
payout,10
interest-earning,10
uses,10
considers,10
nonconsolidated,10
(includes,10
instruments),10
holder,10
sofr,10
carryforwards,10
compensatory,10
declaratory,10
injunctive,10
2008,10
(pre-2015),10
non-cumulative,9
error,9
proxy,9
29,9
ownership,9
corporations,9
advance,9
grow,9
restructurings,9
role,9
combination,9
wide,9
convertible,9
distressed,9
oil,9
gas,9
agreements),9
executing,9
close,9
selected,9
numerous,9
verification,9
protect,9
organization,9
team,9
regions,9
hiring,9
leadership,9
strong,9
office,9
headcount,9
outcomes,9
carbon,9
updates,9
affecting,9
energy,9
announced,9
identified,9
brokers,9
led,9
rely,9
co,9
cie,9
systemically,9
frameworks,9
g-sibs,9
floor,9
yet,9
capitalized,9
coverage,9
determines,9
isda,9
receiver,9
assessments,9
deemed,9
instances,9
volcker,9
assume,9
aspects,9
monetary,9
clearinghouses,9
economically,9
depends,9
anti-money,9
fraud,9
amend,9
heightened,9
trends,9
backlog,9
escalation,9
ledger,9
perceived,9
escalating,9
disputes,9
earn,9
bilateral,9
errors,9
incurred,9
increasingly,9
probable,9
subsequent,9
severe,9
matter,9
write-down,9
quotations,9
implied,9
baseline,9
multiples,9
fluctuations,9
excludes,9
tenors,9
excluding,9
floating-rate,9
gsibs,9
dollar-denominated,9
held-to-maturity,9
prepayment,9
manages,9
upfront,9
monitors,9
audits,9
controlling,9
voting,9
rates),9
embedded,9
representative,9
entire,9
right-of-use,9
contribution,9
dismissal,9
mellon,9
vested),9
items,8
(and,8
maintained,8
exchange-traded,8
utilize,8
fiduciary,8
partnerships,8
nonfinancial,8
issuing,8
cards,8
deposit-taking,8
attributed,8
inclusive,8
challenges,8
focused,8
ensuring,8
women,8
3%,8
needed,8
four,8
allow,8
digital,8
city,8
leveraged,8
instead,8
domestic,8
degree,8
adequate,8
100%,8
permit,8
similarly,8
failed,8
protocol,8
entering,8
administrative,8
funded,8
engaging,8
uniform,8
underwriter,8
china,8
comparable,8
spot,8
acts,8
taken,8
enacted,8
respond,8
became,8
co-head,8
2017,8
amendment,8
design,8
remediation,8
russia,8
analyze,8
arbitration,8
complete,8
unforeseen,8
breach,8
computer,8
harm,8
turn,8
characterized,8
basic,8
documents,8
violation,8
industry-wide,8
employ,8
terminate,8
(the,8
influenced,8
detect,8
objective,8
cloud,8
reliance,8
release,8
assert,8
commenced,8
wholly-owned,8
committed,8
equipment,8
relation,8
decision,8
considerations,8
owned,8
underlier,8
acquired,8
space,8
expire,8
charge-offs,8
highest,8
quoted,8
loan-to-value,8
offsetting,8
cies,8
depreciation,8
drivers,8
completion,8
unfunded,8
rather,8
derivatives),8
certificates,8
non-investment-grade,8
overseeing,8
co-chaired,8
criteria,8
assesses,8
ciso,8
stated,8
postretirement,8
leasehold,8
recognizes,8
losses),8
affordable,8
trusts,8
corp,8
cecl,8
alleges,8
asserts,8
northern,8
restated,8
(no,8
2014),8
25s,8
area,7
par,7
shorter,7
90,7
submitted,7
filer,7
act),7
contingencies,7
expertise,7
references,7
context,7
(gs,7
professional,7
(such,7
convert,7
following:,7
millions,7
equity-related,7
sectors,7
network,7
begin,7
alternatives,7
longer-term,7
derived,7
point-of-sale,7
priorities,7
finra,7
strength,7
serve,7
promote,7
2%,7
population,7
7%,7
integral,7
satisfaction,7
off,7
better,7
home,7
decision-making,7
partners,7
achieved,7
sponsored,7
merchant,7
pressure,7
executed,7
pressures,7
(basel,7
evolving,7
london,7
fca,7
implementing,7
japan,7
japanese,7
prescribed,7
traded,7
severity,7
(under,7
rules),7
revise,7
systemic,7
vulnerabilities,7
referred,7
stable,7
maintains,7
severely,7
remains,7
obtains,7
source,7
stay,7
establishes,7
non-e.u,7
loss-absorbing,7
guaranteed,7
exceed,7
triggers,7
idi,7
exist,7
creditor,7
debtholders,7
undercapitalized,7
ultimately,7
authorized,7
evaluations,7
acquire,7
records,7
favorable,7
conducting,7
(v),7
consumer-oriented,7
bodies,7
former,7
terrorist,7
incident,7
details,7
incidents,7
p,7
2014,7
e,7
shareholder,7
non-gaap,7
mix,7
delay,7
forecasts,7
forecasting,7
deteriorate,7
obtaining,7
documentation,7
ineffective,7
realize,7
produce,7
communication,7
difficulty,7
shift,7
situations,7
allegations,7
residual,7
consolidation,7
storage,7
interpretations,7
changing,7
considering,7
uncertainties,7
square,7
ending,7
independently,7
validation,7
vintage,7
original,7
meaningful,7
eps,7
500,7
raised,7
converted,7
reclassified,7
monitored,7
diversification,7
definition,7
(method,7
chaired,7
moves,7
parallel,7
charge-off,7
appropriateness,7
(at,7
withholding,7
approximates,7
fasb,7
modifications,7
redeemable,7
2004,7
guarantor,7
depositary,7
viacomcbs,7
appealed,7
s-3,7
file,6
preceding,6
complying,6
mean,6
delaware,6
whose,6
maker,6
transact,6
bond,6
mortgage-related,6
metals,6
etfs,6
requiring,6
exchange-based,6
family,6
introduced,6
alongside,6
integrity,6
success,6
talent,6
50%,6
represented,6
retention,6
integration,6
centers,6
lives,6
day,6
usage,6
unpaid,6
singapore,6
supply,6
chain,6
successfully,6
give,6
attract,6
hire,6
proposals,6
aron,6
branch,6
2.5%,6
risk-weighted,6
calculating,6
incremental,6
crd,6
revisions,6
three-year,6
council,6
although,6
might,6
indebtedness,6
jointly,6
stringent,6
submission,6
adequately,6
insured,6
interim,6
entry,6
bail-in,6
england,6
insolvency,6
request,6
judicial,6
utilized,6
resolve,6
beyond,6
corrective,6
well-capitalized,6
dealing,6
denial,6
prevailing,6
purchasers,6
placed,6
way,6
baskets,6
reconciliation,6
initially,6
market-based,6
power-related,6
legislation,6
origination,6
bsa,6
terrorism,6
officials,6
80%,6
r,6
coleman,6
10-q,6
stakeholders,6
prospective,6
repurchases),6
invasion,6
exit,6
what,6
1mdb,6
behavior,6
preference,6
catastrophic,6
array,6
concerning,6
function,6
selling,6
experiencing,6
properly,6
complexity,6
consequences,6
publicity,6
processing,6
computing,6
devices,6
found,6
resolved,6
exists,6
taxing,6
annually,6
period-end,6
knowledge,6
rise,6
effort,6
experienced,6
joint,6
owed,6
manipulate,6
integrate,6
russian,6
settle,6
metric,6
feet,6
holds,6
expiration,6
upper,6
behalf,6
10b5-1,6
identical,6
methodologies,6
estimating,6
corroborated,6
informed,6
valuations,6
broker,6
asset-specific,6
takes,6
modeling,6
opinions,6
non-interest,6
slightly,6
varies,6
assignment,6
marked,6
consisted,6
sweep,6
dollar,6
defines,6
follows:,6
assigned,6
foreseeable,6
auditors,6
outflow,6
overnight,6
sections,6
shocks,6
segregated,6
receivable,6
accompanying,6
(asc,6
proportional,6
tranches,6
distinctive,6
becoming,6
payout/notional,6
nav,6
vacated,6
carryforward,6
2013,6
motions,6
affirmed,6
supreme,6
allege,6
county,6
prejudice,6
4.1,6
performance-based,6
15(d),5
1934,5
name,5
f,5
filing,5
indicate,5
meeting,5
staff,5
owners,5
stockholder,5
delivers,5
initiative,5
efficient,5
usa),5
hedges),5
serves,5
sector,5
receiving,5
open,5
economies,5
originate,5
agency-issued,5
electricity,5
resell,5
lend,5
distributors,5
wellness,5
flexibility,5
charge,5
threshold,5
reinvestment,5
publicized,5
theft,5
requests,5
misappropriation,5
supporting,5
presidents,5
regional,5
toward,5
15%,5
5%,5
continuous,5
next,5
leaders,5
enhance,5
stages,5
20%,5
establishing,5
indirect,5
impacts,5
deploy,5
dedicated,5
neutrality,5
ahead,5
faced,5
targeted,5
intense,5
trend,5
willing,5
committee),5
regimes,5
fhc,5
1999,5
regulator,5
including:,5
adviser,5
classification,5
gsjcl,5
implements,5
quarters,5
output,5
near,5
slr,5
$100,5
last,5
assumed,5
idis,5
association,5
universal,5
imposes,5
fdia,5
created,5
brrd,5
stability,5
minimize,5
enforce,5
formed,5
(other,5
furthermore,5
applications,5
reviewing,5
forms,5
hong,5
kong,5
india,5
govern,5
cleared,5
requirements;,5
recognition,5
sets,5
having,5
persons,5
collection,5
communications,5
accuracy,5
esg,5
addressing,5
controller,5
2011,5
division,5
relations,5
(vi),5
(vii),5
channels,5
russias,5
roe,5
rote,5
interpretation,5
safeguard,5
unfavorable,5
transparent,5
spending,5
transportation,5
downgrades,5
especially,5
conducted,5
improper,5
sentiment,5
inflationary,5
called,5
two-notch,5
towards,5
thereby,5
negotiated,5
netted,5
accurate,5
fairly,5
violate,5
enhancements,5
dissemination,5
users,5
protective,5
potentially,5
investigation,5
outcome,5
day-to-day,5
transactions;,5
corresponding,5
viewed,5
guilty,5
svb,5
acted,5
allows,5
occurrence,5
occurring,5
generated,5
basket,5
(for,5
euro,5
credit-related,5
properties,5
deployment,5
diluted,5
reductions,5
improved,5
elevated,5
unrestricted,5
lowest,5
market-clearing,5
obtained,5
analyzed,5
weighting,5
forecasted,5
undiscounted,5
interest),5
versus,5
portions,5
useful,5
vehicles,5
2022),5
dispositions,5
assets),5
fees),5
invests,5
horizons,5
firm-specific,5
15c3-1,5
representations,5
warranties,5
securitizations,5
engineering,5
quantify,5
delegated,5
approving,5
asset-liability,5
obligations),5
occurs,5
repricing,5
ranging,5
10%,5
fewer,5
counterpartys,5
prices),5
covenants,5
(not,5
net-by-counterparty,5
originated,5
million),5
reasonableness,5
capitalization,5
specialized,5
skill,5
absorb,5
repledge,5
underliers,5
interrelationship,5
relates,5
pays,5
currency-denominated,5
designates,5
gdp,5
earliest,5
2022.</ix:continuation>,5
(with,5
alleging,5
phased,5
eastern,5
petition,5
voluntarily,5
oak,5
post-effective,5
10.1,5
(fully,5
2010),5
"1/1,000th",4
fixed-to-floating,4
(or,4
electronically,4
every,4
smaller,4
safety,4
supplementary,4
opportunity,4
company),4
state-chartered,4
strengthen,4
divestitures,4
spin-offs,4
buy,4
ultimate,4
ourselves,4
readily,4
willingness,4
makers,4
anticipation,4
customized,4
operates,4
intelligence,4
organized,4
refers,4
structuring,4
aim,4
underwrite,4
mandates,4
high-yield,4
detailed,4
lesser,4
crude,4
agricultural,4
precious,4
restructuring,4
tailored,4
sponsor,4
counseling,4
vast,4
overrides,4
mezzanine,4
apple,4
destruction,4
elements,4
improvement,4
confidentiality,4
collaboration,4
enables,4
contribute,4
excellence,4
ethics,4
essential,4
closely,4
innovation,4
career,4
rising,4
understanding,4
progress,4
9%,4
4%,4
13%,4
title,4
reinforce,4
working,4
top,4
adherence,4
feedback,4
then,4
immediate,4
education,4
africa,4
drive,4
change-related,4
2030,4
critically,4
convergence,4
trades,4
internet,4
wall,4
equally,4
rulemaking,4
retaining,4
finalized,4
effected,4
non-bank,4
supervised,4
loans;,4
bafin,4
deposits),4
branches,4
tokyo,4
strengthening,4
semi-annual,4
satisfied,4
positional,4
measuring,4
discussed,4
perspective,4
according,4
o-sii,4
applied,4
replace,4
preliminarily,4
agreed,4
cva,4
6%,4
one-year,4
ecb,4
ccar,4
evaluates,4
undivided,4
calendar,4
light,4
entitled,4
rapid,4
remediate,4
outlines,4
steps,4
prolonged,4
imposing,4
limiting,4
failing,4
contained,4
proceeding,4
caps,4
ihcs,4
regard,4
sought,4
fdics,4
recover,4
subsidiarys,4
liable,4
permits,4
fhcs,4
activities),4
persist,4
2028,4
denying,4
nycra,4
establishment,4
lenders,4
offered,4
duty,4
diligence,4
purchaser,4
2026,4
person,4
mitigation,4
equivalent,4
l.p,4
governing,4
year),4
collective,4
incentives,4
management;,4
amla,4
expands,4
proliferation,4
setting,4
six,4
suggest,4
counsel,4
2006,4
incorporation,4
facts,4
you,4
narrowing,4
weakness,4
hostilities,4
bid,4
poor,4
pandemics,4
synergies,4
transmission,4
adjust,4
reduces,4
obligated,4
purchasing,4
volatile,4
supports,4
situation,4
time-consuming,4
margins,4
participation,4
proportion,4
decreasing,4
suffer,4
failures,4
insufficient,4
defaulted,4
interact,4
harder,4
impede,4
reasons,4
secure,4
immediately,4
always,4
fines,4
speed,4
operated,4
respects,4
misuse,4
headquarters,4
intermediaries,4
interconnectivity,4
facilitation,4
inadequate,4
mobile,4
detection,4
put,4
correlated,4
add,4
wrongdoing,4
though,4
commence,4
claimed,4
fcpa,4
exchanged,4
allocating,4
extension,4
transport,4
(base,4
achieving,4
disposition,4
leased,4
battery,4
park,4
rent,4
terminated,4
starting,4
presentation,4
$506,4
$504,4
remained,4
inputs),4
observed,4
features,4
cancellable,4
hypothetical,4
permanent,4
earnings/(loss),4
allocations,4
consequently,4
tend,4
indicative,4
likelihood,4
paydowns,4
non-fee-earning,4
calculations,4
multifamily,4
industrials,4
projections,4
along,4
maturing,4
tax),4
2),4
noted,4
letters,4
assets;,4
credit-linked,4
challenge,4
encompasses,4
approves,4
desk,4
oversee,4
parameters,4
normal,4
detail,4
twelve-month,4
risk:,4
curves,4
moderate,4
simultaneously,4
arises,4
co-branded,4
setoff,4
netting),4
(loans,4
excluded,4
single-name,4
minimal,4
subsequently,4
preparation,4
sponsoring,4
united,4
misstatements,4
auditor,4
(a),4
paid-in,4
for),4
electing,4
manager,4
concluded,4
qualifying,4
subordination,4
instruments;,4
obligations:,4
(weighted,4
average:,4
<ix:continuation,4
whereas,4
sells,4
straight-line,4
omissions,4
w,4
4.00%,4
2026;,4
participating,4
remanded,4
interlocutory,4
s.a,4
facility,4
bes,4
allegedly,4
punitive,4
archegos,4
rehearing,4
dismissing,4
pharmaceuticals,4
grant-date,4
outlined,4
vesting,4
uninsured,4
s-1,4
2006),4
non-employee,4
west,3
405,3
yes,3
interactive,3
incentive-based,3
disagreements,3
accountants,3
accountant,3
(group,3
refer,3
governors,3
(frb),3
segments:,3
(ficc),3
chart,3
serving,3
clear,3
retirement,3
crucial,3
discovery,3
larger,3
orders,3
50,3
derive,3
placements,3
petroleum,3
auto,3
(resale,3
over-the-counter,3
(otc),3
liquidate,3
spectrum,3
traditional,3
draw,3
(pfm),3
gaps,3
(marcus),3
asset-based,3
channel,3
half,3
urban,3
middle-market,3
(greensky),3
motors,3
(gm),3
heavily,3
throughout,3
fosters,3
workforce,3
perspectives,3
analysts,3
orientation,3
aspirational,3
colleagues,3
coaching,3
sponsorship,3
aimed,3
associate,3
forums,3
partnership,3
11%,3
hires,3
historically,3
maximize,3
peoples,3
protecting,3
facilitates,3
teams,3
communities,3
signature,3
workplace,3
weeks,3
care,3
serious,3
medical,3
internationally,3
understand,3
attracting,3
180,3
helping,3
evolve,3
assists,3
guide,3
align,3
travel,3
2009,3
small,3
boards,3
presence,3
choose,3
restrict,3
practice,3
functional,3
glb,3
exercising,3
bureau,3
entirely,3
self-regulatory,3
(gsi),3
(gsib),3
se,3
deutsche,3
bundesbank,3
engages,3
k,3
french,3
gspic,3
ltd,3
japans,3
implications,3
(capital,3
framework),3
iii),3
aligned,3
(cet1),3
buffers,3
(rwas),3
frtb,3
eliminates,3
introduce,3
contemplates,3
occ,3
pras,3
reset,3
resubmit,3
combined,3
entitys,3
(generally,3
distress,3
divest,3
submissions,3
contain,3
prohibitions,3
(u.s,3
adhere,3
protocols,3
tools,3
taxpayers,3
recapitalize,3
converting,3
doing,3
prohibits,3
receivership,3
ihc),3
mrel,3
secretary,3
avoid,3
disregard,3
opposed,3
triggered,3
administration,3
depositors,3
voluntary,3
record-keeping,3
permissible,3
ceases,3
prohibited,3
venue,3
ring-fencing,3
discretion,3
consolidate,3
fails,3
methods,3
highlighting,3
notification,3
placement,3
agent,3
involves,3
ii),3
mifid,3
soft,3
mandatory,3
variation,3
ferc,3
advisors,3
marketing,3
(within,3
120,3
authorizations,3
cfpb,3
encourage,3
sound,3
safe,3
risk;,3
listed,3
anti-bribery,3
2001,3
suspicious,3
comprehensively,3
expansion,3
bribery,3
illegal,3
sharing,3
processed,3
non-compliance,3
s-p,3
nonpublic,3
information;,3
recently,3
principles:,3
previous,3
names,3
statutes,3
csrd,3
emea,3
she,3
ruemmler,3
2007,3
sponsors,3
certificate,3
independence,3
pillar,3
report;,3
(viii),3
(ix),3
(x),3
meaning,3
inherently,3
possibility,3
1malaysia,3
berhad,3
preferences,3
erosion,3
(pillar,3
technological,3
legislative,3
escalate,3
attack,3
malfeasance,3
artificial,3
(ai),3
introduction,3
wars,3
frames,3
illiquid,3
markets;,3
rates;,3
shutdowns,3
instability,3
ceo,3
illiquidity,3
clearance,3
recession,3
elections,3
estate),3
profit,3
sudden,3
eliminated,3
curtail,3
eliminate,3
posting,3
costly,3
delays,3
(var),3
discounts,3
distribute,3
underwritings,3
responses,3
occurred,3
redeem,3
rapidly,3
met,3
efficiently,3
raising,3
trigger,3
find,3
referenced,3
below),3
difficulties,3
move,3
deem,3
concentrated,3
extend,3
individually,3
follow,3
enough,3
situated,3
continuously,3
integrating,3
growing,3
resource,3
mistakes,3
intentional,3
insider,3
metropolitan,3
largest,3
buildings,3
resiliency,3
disasters,3
vulnerable,3
employment,3
incorrect,3
outputs,3
visibility,3
modify,3
despite,3
means,3
thus,3
highlight,3
subjected,3
replaced,3
breaches,3
fail,3
deal,3
press,3
chance,3
withdrawals,3
anti-competitive,3
demands,3
legally,3
top-tier,3
indexed,3
bear,3
clsa,3
materials,3
carbon-dependent,3
syndicated,3
violated,3
ledgers,3
built,3
etf,3
originally,3
closing,3
ground,3
sum,3
open-market,3
headquartered,3
reclassifications,3
conform,3
charge-offs),3
$637,3
$442,3
2023),3
returned,3
persistent,3
pace,3
added,3
gaap),3
gives,3
(level,3
entirety,3
arrive,3
absent,3
comparables,3
comparison,3
consistency,3
risk),3
developers,3
performs,3
documented,3
seniority,3
imprecision,3
approximate,3
alternatively,3
recoverable,3
slight,3
views,3
sustained,3
technical,3
taxable,3
16%,3
declined,3
franchise,3
assuming,3
constant,3
withdrawal,3
144a,3
cancelled,3
18%,3
medium,3
(three,3
reversal,3
nonrecourse,3
sale),3
tolerance,3
prepare,3
giving,3
shares),3
refinancing,3
profiles,3
perpetual,3
expressed,3
binding,3
percent,3
wind,3
zero,3
1),3
standalone,3
tentative,3
briefings,3
vice-chairs,3
overseen,3
insight,3
idiosyncratic,3
ad,3
hoc,3
"chart.jpg""",3
broker-dealer;,3
utilizing,3
coordination,3
maintenance,3
trust,3
transacted,3
repayments,3
aggregated,3
one-day,3
comparing,3
repayment,3
removed,3
occasions,3
(counterparty,3
borrower),3
influence,3
non-interest-bearing,3
counterparty),3
industrial,3
score,3
ukrainian,3
bottom-up,3
reassesses,3
conjunction,3
selection,3
examinations,3
inquiries,3
(2013),3
audited,3
communicated,3
whole,3
aforementioned,3
(b),3
(net,3
stock;,3
by/(used,3
non-cash,3
usually,3
segregates,3
grants,3
translation,3
(topic,3
sab,3
121,3
retrospective,3
restriction,3
varying,3
comparisons,3
strike,3
uncollateralized,3
cumulative,3
isolation,3
average),3
years),3
writer,3
indication,3
income/expense,3
liquidated,3
recapitalizations,3
computed,3
accrual,3
metrics/unrated,3
refreshed,3
telecommunications,3
healthcare,3
reversed,3
pools,3
principal-protected,3
calculates,3
instrument-specific,3
repayable,3
firm's,3
miscellaneous,3
signed,3
securitized,3
beneficiary,3
credit-,3
indemnifies,3
recovered,3
credited,3
unlikely,3
withheld,3
share),3
n,3
d,3
overfunded,3
risk-weights,3
period.</ix:continuation>,3
irs,3
ng,3
plaintiff,3
2010,3
10(b),3
auctions,3
banco,3
english,3
bop,3
portuguese,3
iqiyi,3
cooperating,3
zymergen,3
limiteds,3
texas,3
runway,3
restitution,3
preclude,3
unjust,3
enrichment,3
judge,3
when-issued,3
female,3
promotion,3
post-vesting,3
condensed,3
2023<a,3
noncompetition,3
supplemental),3
2015),3
12(b),2
act:,2
automatic,2
callable,2
2031,2
well-known,2
seasoned,2
(1),2
(2),2
definitions,2
12b-2,2
13(a),2
prepared,2
february&nbsp;9,2
contact,2
play,2
contributes,2
inventory),2
somewhat,2
force,2
much,2
connectivity,2
supported,2
barrel,2
job,2
inflation-linked,2
government-backed,2
(etfs),2
spot/forwards,2
g-10,2
emerging-market,2
renewable,2
student,2
sophisticated,2
undertake,2
deliveries,2
broker-to-broker,2
preserve,2
commingled,2
realization,2
families,2
foundations,2
endowments,2
referrals,2
personalized,2
goods,2
covid-19,2
pandemic,2
consumer-based,2
ransom,2
greatest,2
reason,2
(board),2
race,2
gender,2
sexual,2
foster,2
identity,2
disability,2
imperative,2
representation,2
fostering,2
analyst,2
29%,2
24%,2
asian,2
lgbtq+,2
military/veterans,2
31%,2
14%,2
42%,2
constituted,2
(vice,2
positively,2
plays,2
start,2
nearly,2
acceleration,2
experiences,2
build,2
supervisors,2
robust,2
volunteer,2
teamworks,2
nonprofit,2
partnering,2
why,2
death,2
vacation,2
entitlement,2
mental,2
trained,2
certified,2
evolved,2
strengthened,2
enhancing,2
caregiving,2
roles,2
sessions,2
reach,2
come,2
bengaluru,2
salt,2
lake,2
dallas,2
hyderabad,2
cities,2
affordability,2
strengths,2
emissions,2
proactively,2
decarbonization,2
net-zero,2
promoting,2
talents,2
intensely,2
internet-based,2
regionally,2
commensurate,2
hastened,2
globalization,2
stronger,2
appears,2
spread),2
prevalence,2
promulgated,2
uniformly,2
prohibit,2
differentiate,2
non-u.s.-based,2
depended,2
motivate,2
amid,2
publish,2
(pra),2
(fca),2
1956,2
regulate,2
(nydfs),2
(cfpb),2
derivatives;,2
nyse,2
(gsbe),2
paris,2
et,2
directives,2
lending),2
sovereigns,2
like,2
transitioning,2
(gsjcl),2
ministry,2
(crr),2
(crd),2
(scb),2
counteract,2
germany,2
uk,2
clarifies,2
haircut,2
recognizing,2
(cva),2
rwa,2
commonly,2
consultation,2
treatment,2
slrs,2
(lcr),2
(nsfr),2
high-quality,2
acute,2
parliament,2
(ccar),2
company-specific,2
resubmission,2
newly,2
directs,2
constitute,2
unsafe,2
unsound,2
extensions,2
select,2
content,2
supplements,2
qfc,2
enhancement,2
agrees,2
adhering,2
(isda,2
protocol),2
cross-default,2
crises,2
writing,2
governed,2
solvent,2
satisfies,2
criteria),2
incurring,2
parties;,2
exercised,2
reached,2
recommendation,2
strict,2
procedure,2
proceedings),2
transferring,2
conservator,2
appointment,2
repudiate,2
repudiation,2
treated,2
anything,2
scheme,2
fdicia,2
fdic-insured,2
indicated,2
restrictive,2
fulfill,2
rule),2
eligibility,2
impermissible,2
cease,2
focuses,2
high-frequency,2
(nycra),2
$2,2
$10,2
affirmative,2
publicly,2
short-form,2
update,2
increments,2
affiliate,2
organizes,2
initiates,2
covering,2
venues,2
australian,2
chicago,2
mercantile,2
real-time,2
in-scope,2
recordkeeping,2
inter-affiliate,2
nfa,2
segregation,2
standards;,2
reporting;,2
uncleared,2
secs,2
clearinghouse,2
collect,2
substituted,2
2005,2
pool,2
operators,2
duties,2
1940,2
gsami,2
prohibition,2
servicing,2
released,2
findings,2
soundness,2
clawback,2
deferral,2
countering,2
crime,2
trafficking,2
(fcpa),2
very,2
e.u.s,2
gdpr,2
notify,2
esg-related,2
governance;,2
planning;,2
suggesting,2
tcfd,2
pra-regulated,2
sustainability-related,2
policymakers,2
suppliers,2
five-year,2
finalization,2
berlinski,2
treasurer,2
deputy,2
fredman,2
controllers,2
lee,2
rogers,2
affairs,2
llp,2
solomon,2
chairman,2
waldron,2
free,2
furnished,2
furnish,2
by-laws,2
200,2
harbor,2
1995,2
beliefs,2
alerting,2
(roe),2
(rote),2
(aus),2
(xi),2
(gcla),2
(xii),2
(xiii),2
(xiv),2
(xv),2
(xvi),2
(xvii),2
(xviii),2
(xix),2
(xx),2
(xxi),2
(xxii),2
(xxiii),2
(xxiv),2
(1mdb),2
(xxv),2
(xxvi),2
(xxvii),2
(xxviii),2
(xxix),2
(xxx),2
(xxxi),2
(xxxii),2
(xxxiii),2
(xxxiv),2
prospects,2
launch,2
bring,2
durable,2
worsening,2
continuation,2
anti-base,2
consequence,2
unsuccessful,2
timelines,2
requisite,2
ceos,2
delayed,2
unexpected,2
pervasive,2
seriously,2
inaction,2
indexes,2
ceilings,2
funding;,2
tariffs,2
large-scale,2
ceiling,2
unprecedented,2
freely,2
markets),2
greatly,2
curtailed,2
call,2
done,2
foreclosure,2
value-at-risk,2
forced,2
withdraw,2
underperformance,2
(relative,2
originations,2
allocate,2
affects,2
paper,2
expensive,2
merger,2
agencys,2
unpredictable,2
authorize,2
block,2
kind,2
controlled,2
transaction-by-transaction,2
operationally,2
owe,2
moreover,2
routinely,2
tested,2
subjects,2
exacerbated,2
pursue,2
phones,2
ignore,2
circumvent,2
remediated,2
hostile,2
impacting,2
occupy,2
communicate,2
cost-effective,2
constraint,2
intervention,2
provider,2
blockchain,2
intellectual,2
generative,2
generating,2
explanation,2
bad,2
cyberattacks,2
requested,2
migration,2
anticipate,2
preventive,2
warrant,2
malicious,2
stored,2
malfunctions,2
detected,2
escalated,2
sophistication,2
transmit,2
dislocations,2
conversely,2
ours,2
widespread,2
divergent,2
activities;,2
interpretive,2
conventions,2
liquidating,2
are:,2
"""business",2
interactions,2
high-net-worth,2
acting,2
non-public,2
shared,2
damaged,2
alignment,2
us),2
lawsuits,2
regardless,2
admissions,2
pleas,2
magnify,2
believed,2
valley,2
posts,2
1mdb-related,2
venezuela,2
conflicting,2
recoveries,2
repay,2
pass,2
(funding,2
imminent,2
automatically,2
expenses),2
earlier,2
beneficiaries,2
incorporating,2
refined,2
emission,2
production,2
hazardous,2
substances,2
vessels,2
raw,2
store,2
underperforming,2
competitor,2
interrelated,2
colluded,2
evolution,2
talented,2
competing,2
occupancy,2
responded,2
export,2
threatened,2
intend,2
pursuing,2
pfm,2
combining,2
combine,2
once,2
unresolved,2
2.1,2
building,2
possession,2
australia,2
indeterminate,2
presently,2
authorizing,2
$30,2
founded,2
1869,2
(eps),2
7.5%,2
$2.72,2
impairments),2
(cies),2
($1.46,2
$529,2
74.6%,2
65.8%,2
$9.39,2
$5.80,2
$3.59,2
temporarily,2
stresses,2
risks),2
unadjusted,2
significance,2
1.5%,2
contrary,2
empirical,2
substantive,2
corroborate,2
categorized,2
reverts,2
non-linear,2
consensus,2
isaac,2
(fico),2
entails,2
collectability,2
variables,2
underlie,2
variances,2
drawdowns,2
contraction,2
investigations),2
conclusive,2
price-to-earnings,2
price-to-book,2
exploration,2
merits,2
management),2
weighed,2
$6.22,2
acquiring,2
nn,2
labor,2
amortization),2
extends,2
taxation,2
oecd,2
cash),2
versa,2
positions),2
changes),2
widening,2
10-year,2
8%,2
offerings),2
mark-downs,2
unchanged,2
surpassed,2
nnip,2
sourced,2
arrears,2
waivers,2
commitments),2
investments:,2
$1.2,2
mixed,2
(8%,2
mainly,2
disciplines,2
fluctuates,2
utilization,2
approve,2
routine,2
evaluated,2
attribute,2
trillion,2
(due,2
held-to-maturity),2
brokered,2
(repurchase,2
equals,2
british,2
pre-funding,2
scheduled,2
medium-term,2
business-as-usual,2
environments,2
unique,2
dfast,2
analyzing,2
responding,2
deficiency,2
positioning,2
3.0%,2
supervisions,2
1.17,2
subpart,2
vehicles;,2
nonperforming,2
employs,2
describes,2
direction,2
accountable,2
accountability,2
dynamic,2
discipline,2
dialogue,2
prudent,2
reward,2
councils,2
vice-chair,2
mandate,2
conducts,2
client-related,2
conservative,2
pre-fund,2
credit-sensitive,2
environment;,2
includes:,2
basis;,2
of:,2
list,2
30-day,2
draws,2
continues,2
hqla,2
the<br>three,2
asf,2
trailing,2
dbrs,2
fitch,2
moodys,2
variability,2
one-,2
little,2
slope,2
speeds,2
indices;,2
exposures;,2
linkages,2
95%,2
positions;,2
sample,2
day),2
expectation,2
schedules,2
floors,2
calibrate,2
eve,2
permanently,2
occasion,2
adjustment),2
linear,2
comes,2
produced,2
employed,2
equivalents),2
rated,2
(cash,2
/,2
(warehouse,2
letter,2
(typically,2
lien,2
hotels,2
stores,2
complexes,2
12%,2
began,2
$2.5,2
collaterals,2
(managed,2
parties),2
credit),2
index-based,2
argentina,2
practices;,2
top-down,2
consultants,2
self-assessment,2
statistical,2
dependencies,2
signs,2
administered,2
document,2
engagements,2
allocates,2
topics,2
steering,2
conditions),2
resolving,2
firm),2
reliability,2
treadway,2
pertain,2
accurately,2
expenditures,2
prevention,2
pcaob,2
misstatement,2
company;,2
technique,2
included:,2
subjectivity,2
forming,2
completeness,2
reconcile,2
(long-term),2
increase/(decrease),2
consolidates,2
cost-benefit,2
funds.</ix:continuation>,2
earns,2
relinquished,2
securities.</ix:continuation>,2
expense.</ix:continuation>,2
non-defaulting,2
denominated,2
translated,2
asc,2
asus,2
2022-02,2
troubled,2
(sab,2
election,2
reportable,2
rate),2
verified,2
executable),2
premiums,2
(an,2
tracks,2
collateral;,2
debentures,2
long-dated,2
industrialized,2
nations,2
corporates,2
observability,2
correlations,2
agreements;,2
financings;,2
prepaid,2
medians,2
median,2
indicates,2
cross-product,2
names),2
entity-specific,2
gains),2
pro-rata,2
payment/performance,2
bifurcated,2
utilizes,2
regression,2
intent,2
inflows/(outflows),2
auction,2
disclosed,2
accrue,2
tdrs,2
tdr,2
classifies,2
multi-scenario,2
partial,2
attributes,2
bifurcate,2
elect,2
discounting,2
lends,2
exercisable.</ix:continuation>,2
pledges,2
repledged,2
(that,2
repledge),2
tax-related,2
remainder,2
eventual,2
disposal,2
lists,2
activities.</ix:continuation>,2
extending,2
interbank,2
usd,2
2027,2
matures,2
assets.</ix:continuation>,2
vehicle,2
vie;,2
reconsideration,2
meets,2
standby,2
lender,2
seized,2
one-time,2
custody,2
(series,2
q,2
declare,2
redeemed,2
stock),2
1.01161%,2
2025;,2
c,2
<br>balance,2
compare,2
weightings,2
qualifies,2
started,2
phase,2
deductions,2
(rsus),2
dilutive,2
deliverable,2
waived,2
rebates,2
bases,2
gilti,2
reverse,2
reinvested,2
years',2
direct-to-consumer,2
remote,2
2012,2
leissner,2
conspiring,2
launder,2
doj,2
count,2
20(a),2
instructions,2
espirito,2
santo,2
novo,2
(oak,2
bops,2
rescission,2
appeal,2
baidu,2
tencent,2
vipshop,2
20a,2
svbfg,2
superior,2
uber,2
representatives,2
illinois,2
gohealth,2
contextlogic,2
didi,2
vroom,2
waterdrop,2
sea,2
automotive,2
rivian,2
western,2
natera,2
robinhood,2
on24,2
oscar,2
health),2
reata,2
bright,2
lifestance,2
miniso,2
coupang,2
yatsen,2
opendoor,2
figs,2
silvergate,2
at-the-market,2
centessa,2
f45,2
olaplex,2
tortious,2
interference,2
magistrate,2
vrdos,2
platinum,2
palladium,2
metro,2
aluminum,2
mexico,2
expert,2
closed,2
frozen,2
(related,2
plans),2
vested,2
forfeited,2
forfeiture,2
(2021),2
predecessor,2
surrendered,2
graph,2
financials,2
non-interest-earning,2
definitive,2
4.69,2
2021),2
333-75213)),2
10.20,2
10.32,2
landlord,2
tenant,2
10.2,2
10.41,2
</a>,2
10.3,2
10.61,2
farringdon,2
ixbrl,2
page,2
duly,2
michele,2
o,2
"ease-in-out,opacity",2
<!--,1
saved,1
-->,1
<html,1
d.c,1
20549,1
number:,1
charter),1
telephone,1
code),1
$.01,1
6.375%,1
12(g),1
reports),1
s-t,1
(232.405,1
files),1
non-accelerated,1
attestation,1
404(b),1
sarbanes-oxley,1
(15,1
u.s.c,1
7262(b)),1
correction,1
corrections,1
restatements,1
240.10d-1(b),1
shell,1
non-affiliates,1
december&nbsp;31,1
registrant's,1
a</a>nd,1
</a>fair,1
accessible,1
"""the",1
"firm,""",1
(bhc),1
(fhc),1
"segments.jpg""",1
municipalities,1
seamless,1
fashion,1
main,1
buying,1
saving,1
surplus,1
thousands,1
side,1
connect,1
want,1
pass-through,1
mid-cap,1
non-agency,1
tailor-made,1
distributing,1
ideas,1
analytics,1
datasets,1
"3,000",1
oil),1
versa),1
leader,1
intermediary,1
match,1
jobs,1
exchangeable,1
emerging-,1
growth-market,1
transacting,1
blocks,1
specially,1
low-touch,1
high-touch,1
construction,1
(cra),1
highlighted,1
work-from-home-related,1
safeguards,1
dedication,1
careers,1
strive,1
professionalism,1
teamwork,1
cooperation,1
encourages,1
entry-level,1
54%,1
works,1
conventional,1
thinking,1
maximizes,1
ethnicity,1
veteran,1
vital,1
creativity,1
cultivating,1
driving,1
outreach,1
advocacy,1
trajectories,1
promotions,1
goals:,1
49%,1
40%,1
comprise,1
33%,1
32%,1
above),1
30%,1
campus,1
recruited,1
colleges,1
universities,1
(hbcus),1
self-identification,1
educational,1
seminars,1
facilitated,1
learning,1
engagement,1
accelerate,1
via,1
emphasize,1
networking,1
exemplify,1
pipeline,1
generation,1
mobility,1
inspire,1
instilling,1
co-workers,1
whom,1
supervise,1
360-degree,1
actionable,1
directed,1
conversations,1
mid-year,1
conversation,1
completing,1
strengthens,1
volunteering,1
high-impact,1
team-based,1
coordinated,1
hundreds,1
volunteered,1
"94,000",1
hours,1
"18,000",1
640,1
"1,400",1
fitness,1
work-life,1
away,1
parental,1
miscarriage,1
bereavement,1
longer-tenured,1
sabbatical,1
scaled,1
aid,1
600,1
"1,000",1
virtual,1
well-being,1
family-centered,1
surrogacy,1
stipends,1
adult,1
childcare,1
navigate,1
live,1
on-demand,1
webinars,1
articles,1
"45,300",1
41,1
51%,1
(emea),1
speak,1
150,1
languages,1
warsaw,1
41%,1
long-standing,1
decarbonize,1
low-carbon,1
(climate,1
transition),1
(inclusive,1
growth),1
complement,1
(sfg),1
centralized,1
drives,1
sfg,1
finance-related,1
specialize,1
helps,1
mobilize,1
insights,1
acknowledge,1
on-balance,1
sustainability-linked,1
advice,1
co-investing,1
clean,1
$750,1
75%,1
net-zero-by-2050,1
pathway,1
manufacturing,1
targeting,1
overarching,1
theme,1
collaborating,1
committing,1
facilities),1
capitalize,1
history,1
perceive,1
non-electronic,1
low-commission,1
compression,1
passive,1
dynamics,1
non-deposit,1
prefer,1
(dodd-frank,1
u.s.-based,1
vii,1
compensate,1
competitively,1
inside,1
(bhc,1
gramm-leach-bliley,1
(glb,1
functionally,1
futures-related,1
swaps-related,1
(j,1
aron),1
lending);,1
mortgages;,1
banking;,1
deposit-taking;,1
advisor,1
columbia,1
(gsami),1
b.v,1
(gspic),1
(ecb),1
mechanism,1
gspics,1
prevented,1
undertaking,1
setter,1
tailoring,1
(g-sib),1
sufficiency,1
e.u.-regulated,1
rulebook,1
solely,1
shortfall,1
income;,1
(sa-ccr),1
sa-ccr,1
(slrs),1
(d-sibs),1
principles-based,1
d-sibs,1
(o-siis),1
(o-sii,1
buffers),1
(gsg,1
uk),1
revisions),1
(frtb),1
revises,1
model-based,1
replacement,1
weights,1
introduces,1
25%,1
phased-in,1
version,1
trilogue,1
vi,1
parents,1
tests:,1
medium-,1
similarities,1
(ilaap),1
$250,1
company-run,1
(icaap),1
icaap,1
surplus),1
subordinate,1
commits,1
invoking,1
source-of-strength,1
affiliates),1
(resolution,1
plan),1
shortcomings,1
credible,1
(alternating,1
information),1
conserve,1
demonstrate,1
protected,1
(idis),1
$50,1
(qfcs),1
waives,1
enumerated,1
(ola),1
1950,1
(fdia),1
(brrd),1
impracticable,1
constructing,1
confers,1
englands,1
absorbency,1
stays,1
wind-down,1
wound,1
supervises,1
denomination,1
guaranteeing,1
qfcs;,1
subsidiaries;,1
non-contingent,1
rank,1
gsg,1
40,1
intermediate,1
(e.u,1
(mrel),1
ihc;,1
(fsbs),1
write,1
non-viability,1
objected,1
danger,1
dealt,1
cross-defaults,1
notice,1
spoe,1
power:,1
obligor,1
creditors;,1
capacity;,1
disaffirm,1
burdensome,1
disaffirmance,1
afforded,1
ever,1
branches),1
differently,1
(subject,1
fdic),1
1991,1
(fdicia),1
usa:,1
downgraded,1
unsatisfactory,1
progressively,1
restoration,1
risk-mitigation,1
advised,1
limitation,1
non-fhcs,1
(merchant,1
satisfactorily,1
well-managed,1
managerial,1
deficiencies,1
transactions),1
high-level,1
safe-and-sound,1
rule-type,1
non-german,1
exclusion,1
introducing,1
third-country,1
35,1
ceased,1
tailor,1
nor,1
suited,1
low-,1
moderate-income,1
neighborhoods,1
merge,1
relocate,1
satisfactory,1
safekeeping,1
ascertain,1
resultant,1
(msrb),1
routed,1
order-by-order,1
auctions;,1
stocks;,1
conduct-based,1
disclosure-based,1
creation,1
subsidiary),1
necessitates,1
sec-registered,1
percent),1
conveys,1
(mifid,1
(mifir),1
discharging,1
pre-,1
post-trade,1
non-transparent,1
crossing,1
systematic,1
internalizers,1
algorithmic,1
mifir,1
publication,1
inducements,1
unbundling,1
korean,1
brazil,1
(cea),1
cea,1
(nfa),1
conventionally,1
cftc-registered,1
merchants,1
explicit,1
cftcs,1
dealers),1
gsbe),1
pertaining,1
examines,1
narrow-based,1
(emir),1
margining,1
physically,1
days),1
non-spot,1
legacy,1
(ferc),1
ferc-authorized,1
marketer,1
utility,1
safeguarding,1
swing,1
open-end,1
75,1
quarters),1
detailing,1
expenses;,1
fund;,1
fairness,1
adviser-led,1
law),1
organizational,1
u.k.-based,1
bv,1
licensed,1
undertakings,1
transferable,1
(ucits),1
(aifm),1
delegate,1
parts,1
governs,1
prudentially,1
unfair,1
abusive,1
collections,1
fsb,1
arrangements:,1
imprudent,1
compatible,1
pose,1
$1,1
mandating,1
restatement,1
emphasizes,1
tied,1
fsbs,1
v,1
regulating,1
secrecy,1
(bsa),1
patriot,1
contains,1
authorizes,1
promulgation,1
verifying,1
opening,1
(amla),1
amends,1
modernize,1
codifies,1
institutions;,1
promulgate,1
policy;,1
compliance;,1
enforcement-,1
investigation-related,1
violations;,1
whistleblower,1
protections,1
rulemakings,1
crimes,1
(fincen),1
cybercrime,1
transnational,1
drug,1
politically,1
(gdpr),1
u.k.s,1
swiss,1
republic,1
borders,1
proposing,1
(sci),1
sci,1
systems;,1
designate,1
notifications,1
(dora),1
dora,1
lawmakers,1
limits;,1
(3),1
(4),1
(5),1
(6),1
35d-1,1
(names,1
suggested,1
standardization,1
nydfs-regulated,1
taskforce,1
(tcfd)-aligned,1
fca-regulated,1
entity-level,1
fca-,1
labels,1
(csrd),1
(csddd),1
upstream,1
(planned,1
increments),1
warming,1
csddd,1
age,1
occupation,1
biographical,1
pleasure,1
2021;,1
f.w,1
h,1
ms,1
latham,1
watkins,1
white,1
collar,1
co-chief,1
services/client,1
soon,1
practicable,1
print,1
(investor,1
relations),1
charters,1
nominating,1
determinations,1
waiver,1
directors;,1
g),1
orally,1
telephonically,1
webcast,1
broadcast,1
means;,1
results;,1
submissions;,1
disclosure;,1
lcr;,1
contacted,1
29th,1
10282,1
attn:,1
telephone:,1
212-902-0300,1
e-mail:,1
others:,1
x,1
formerly,1
twitter,1
instagram,1
interested,1
scale,1
fundraising,1
outbreak,1
guidance),1
surcharge),1
underestimate,1
recruiting,1
candidates,1
socio-demographic,1
innovations,1
buyers,1
approvals,1
interface,1
with),1
summarized,1
predictable,1
suddenly,1
by:,1
confidence;,1
recession;,1
patterns;,1
pandemics;,1
capital;,1
stagflation;,1
defaults;,1
changes;,1
travel;,1
outbreaks,1
nuclear,1
curtailment,1
uncertainty;,1
scandals,1
disasters;,1
emergency,1
weak,1
suspended,1
congress,1
treasuries,1
necessitate,1
marked-to-market,1
(particularly,1
tradable,1
underwritten,1
ordinarily,1
recipient,1
foreclose,1
go,1
arbitrage,1
steep,1
delisting,1
removal,1
benchmarks),1
passively,1
products),1
further;,1
target;,1
decline;,1
faster,1
margin;,1
returns;,1
fees;,1
recessions;,1
unusual,1
drew,1
problem,1
set-off,1
borrow,1
sustain,1
$271,1
one-notch,1
$1.58,1
pay),1
market-driven,1
proven,1
extremely,1
lacked,1
deposited,1
related-party,1
reorganization,1
ring,1
fence,1
duplicative,1
problems,1
rehypothecate,1
syndicating,1
securitizing,1
issuers),1
perhaps,1
centralization,1
non-standardized,1
exiting,1
settling,1
forfeit,1
attendant,1
signatory,1
protocols),1
qfcs,1
remedies,1
confirmed,1
unconfirmed,1
wider,1
suit,1
frequencies,1
client-specific,1
exchanges),1
discovering,1
quickly,1
t+1,1
timeframe,1
treat,1
disabled,1
wholly,1
spike,1
entail,1
ones,1
computers,1
defects,1
flaws,1
chips,1
work-related,1
accessing,1
hinder,1
widely,1
outages,1
fixes,1
technology-based,1
caught,1
emails,1
simple,1
discovered,1
proximity,1
occupying,1
hudson,1
river,1
waterfront,1
notwithstanding,1
remotely,1
grows,1
disparate,1
centrality,1
programming,1
interfaces,1
apis,1
electrical,1
satellite,1
undersea,1
cable,1
war,1
unrest,1
diversify,1
nascent,1
weaknesses,1
specifically,1
biases,1
infringe,1
harmful,1
proper,1
erroneous,1
eliminating,1
bias,1
train,1
actors,1
misappropriate,1
perpetrate,1
contractors,1
hackers,1
disclosing,1
restoring,1
denial-of-service,1
functionality,1
mobile-,1
cybercriminals,1
employee-owned,1
providers),1
launched,1
induce,1
endeavor,1
viruses,1
interconnectedness,1
itself,1
compartmentalize,1
jeopardize,1
transmitted,1
considerable,1
reliable,1
compromised,1
know,1
investigated,1
expended,1
expend,1
investigate,1
compromise,1
unrelated,1
heightens,1
defeated,1
vastly,1
email,1
worked,1
mishandling,1
sent,1
encompassing,1
complementary,1
mechanisms,1
accompany,1
specifics,1
degrees,1
thereof,1
uncorrelated,1
directions,1
algorithms,1
flawed,1
unpermitted,1
unapproved,1
overlapping,1
fined,1
criminally,1
sanctioned;,1
reassessments,1
burdens,1
subset,1
(whether,1
geography,1
broadly,1
disproportionate,1
uneconomic,1
moving,1
altered,1
engage;,1
compensation;,1
reorganize,1
assessments;,1
post-crisis,1
reforms,1
returning,1
granularity,1
buckets,1
privacy-related,1
surveillance,1
on-shoring,1
thought,1
appear,1
legislators,1
divert,1
inquiry,1
morale,1
true,1
news,1
postings,1
pervasiveness,1
disseminated,1
collapse,1
silicon,1
(svb),1
suffered,1
seen,1
downturn,1
employment-related,1
follow-on,1
template,1
disparities,1
collusion,1
investigatory,1
bid-rigging,1
boycotts,1
resolutions,1
brought,1
places,1
nationalization,1
expropriation,1
exact,1
geographical,1
deter,1
precautions,1
desirable,1
inc.),1
borne,1
creditors),1
debtholders),1
securities-for-claims,1
recapitalization,1
expressly,1
bailed,1
variant,1
strategy:,1
forgiveness,1
(clsa),1
forgiven,1
elevate,1
stayed,1
worse,1
arrange,1
liquefied,1
electric,1
precious),1
minerals,1
unenriched,1
uranium),1
coal,1
freight,1
air,1
water,1
waste,1
site,1
commodities-related,1
renovation,1
licenses,1
breakdown,1
mechanical,1
fires,1
leaks,1
spills,1
safely,1
insure,1
discontinue,1
disproportionately,1
simply,1
peers,1
priced,1
compensated,1
undertook,1
presenting,1
low-cost,1
routing,1
emergence,1
lose,1
skilled,1
people;,1
talent),1
shaped,1
emergencies,1
emergency),1
solar,1
patterns,1
offices),1
causing,1
exacerbating,1
inappropriate,1
recruit,1
playing,1
coming,1
participated,1
pilot,1
interagency,1
state-regulated,1
non-russian,1
shortages,1
impossible,1
predict,1
harmed,1
warrants,1
underlier),1
withdraws,1
links,1
delinks,1
alters,1
delisted,1
etf),1
linking,1
taiwan,1
foregoing,1
devaluations,1
airports,1
toll,1
roads,1
shipping,1
ports,1
regulations),1
know-your-customer,1
belonging,1
accidents,1
pursued,1
unanticipated,1
exposes,1
prove,1
expanding,1
selective,1
1b,1
comments,1
1c,1
elsewhere,1
6.6,1
parcel,1
exclusive,1
2069,1
lump,1
$161,1
1.9,1
plumtree,1
"826,000",1
zealand,1
3.1,1
1.8,1
paragraphs,1
footage,1
figures,1
dispose,1
mine,1
symbol,1
"5,543",1
10b-18(a)(3),1
paid<br>per,1
shares<br>purchased,1
as<br>part,1
publicly<br>announced,1
constitutes,1
(bcp),1
$8.52,1
$11.26,1
$22.87,1
$30.06,1
10.2%,1
$313.56,1
3.3%,1
$46.25&nbsp;billion,1
$1.03&nbsp;billion,1
$34.49&nbsp;billion,1
(total,1
revenues),1
14.4%,1
14.9%,1
grew,1
eased,1
landing,1
slowdown,1
tightening,1
contributing,1
momentum,1
switzerlands,1
subsided,1
showed,1
renewed,1
onset,1
marked-to-market),1
1.8%,1
instrument;,1
evidenced,1
correlations;,1
calibration,1
(both,1
available),1
bloomberg,1
ice,1
trace),1
validity,1
executable,1
similarity,1
calls,1
desks,1
instructed,1
attribution,1
validate,1
booking,1
quantified,1
(model,1
theories,1
classify,1
gdp),1
uncollectible,1
scenarios),1
$0.7,1
indications,1
case-by-case,1
$1.73&nbsp;billion,1
reevaluated,1
$10.19,1
$1.98,1
character,1
varied,1
"""managements",1
"operations""",1
(through-the-cycle),1
consistently,1
segments),1
$46.25,1
$9.53,1
(nnip),1
$18.24,1
$2.13,1
225%,1
$6.35,1
17%,1
$1.03,1
salaries,1
$34.49,1
(all,1
$115,1
$576,1
20.7%,1
16.5%,1
budget,1
6.5%,1
7.25%,1
organisation,1
co-operation,1
(oecd),1
multinationals,1
eur,1
750,1
legislation),1
remeasured,1
22%,1
follows,1
(long,1
(short,1
interconnected,1
transactional,1
activity),1
disaggregation,1
judgmental,1
complexities,1
opposite,1
$112.07&nbsp;billion,1
$105.11&nbsp;billion,1
driver,1
dealogic,1
non-convertible,1
msci,1
tighten,1
deteriorates,1
$30.00,1
indicator,1
frame,1
$12.06,1
benefited,1
environment),1
$11.55,1
financing),1
$171,1
$(537),1
absence,1
$401,1
$468,1
$18.04,1
essentially,1
$11.56,1
$51.98&nbsp;billion,1
$59.35&nbsp;billion,1
mid-twenties,1
mid-teens,1
withdrawing,1
$13.88,1
(despite,1
harvesting,1
$508,1
$519,1
$13.03,1
$1.36,1
self-directed,1
nextcapital,1
bombardier,1
(non-fee-earning,1
$3.77&nbsp;billion,1
$3.33&nbsp;billion,1
$3.39,1
non-asset-based,1
secondary-market,1
co-investor,1
uncalled,1
$58,1
$54,1
$42,1
(where,1
$225,1
$56&nbsp;billion,1
aus),1
drawn,1
co-invest,1
$15,1
$0.2,1
$0.1,1
$0.3,1
$0.6,1
non-office-related,1
38%,1
$12.1&nbsp;billion,1
$13.0&nbsp;billion,1
$1.1&nbsp;billion,1
$1.7&nbsp;billion,1
(9%,1
(5%,1
$5.9&nbsp;billion,1
$11.8&nbsp;billion,1
$3.5&nbsp;billion,1
$6.3&nbsp;billion,1
$21.48&nbsp;billion,1
$12.43&nbsp;billion,1
$2.38,1
58%,1
$1.14,1
$1.73,1
$3.42,1
94%,1
$2.18,1
$1.99,1
quarter-end,1
sufficiently,1
dynamically,1
combines,1
objectively,1
metrics;,1
inform,1
(dfast),1
$1.64,1
$199.80,1
$176.27,1
$16.21,1
$9.07,1
$1.52,1
$200.08,1
$168.54,1
$41.75,1
$9.72,1
(driven,1
maturities),1
$9.03,1
$31.32,1
$249.89,1
$110.35,1
21%,1
26%,1
27%,1
debt-to-equity,1
337.1,1
350.8,1
(tangible,1
pound,1
yen,1
pledge,1
nonetheless,1
rollover,1
probabilities,1
staggered,1
diversifying,1
financed,1
categories:,1
mortgage-,1
window,1
mature,1
offshore,1
project,1
tandem,1
seventh,1
6.3%,1
5.5%,1
13.0%,1
$1.6,1
$0.4,1
philosophy,1
prioritizing,1
attractive,1
non-deductible,1
excise,1
(buyback,1
buyback,1
international),1
debt),1
"information""",1
assign,1
comprised,1
100,1
(tlac),1
1.0%,1
2.0%,1
4.5%,1
301,1
101,1
97,1
58,1
specify,1
relatively,1
$20.25&nbsp;billion,1
$22.21&nbsp;billion,1
$15.07&nbsp;billion,1
$17.46&nbsp;billion,1
$5&nbsp;billion,1
$1&nbsp;billion,1
$6&nbsp;billion,1
gsi's,1
swaps;,1
functioning,1
liquidity;,1
asset-repackaged,1
components:,1
starts,1
(ciso),1
advises,1
risk-generating,1
administratively,1
validating,1
promotes,1
takers,1
empowers,1
step,1
materiality,1
leverages,1
prioritization,1
marking,1
carry,1
realistic,1
tail,1
risk/reward,1
risk-related,1
get,1
rigor,1
enabling,1
discussions,1
proactive,1
dedicate,1
tool,1
interpret,1
nuances,1
guides,1
exercises,1
good,1
adheres,1
link,1
barriers,1
sub-committees,1
length,1
propose,1
uplifts,1
(unless,1
noted):,1
technology-related,1
codes,1
falling,1
fulfilling,1
(through,1
debt-related,1
aims,1
co-chairman,1
grade,1
forum,1
recommendations,1
viable,1
principle,1
needing,1
survival;,1
just,1
dramatically,1
unavailable,1
tenor),1
withdrawn;,1
monetizing,1
$36.58&nbsp;billion,1
$47.17&nbsp;billion,1
$2.44&nbsp;billion,1
$56.91&nbsp;billion,1
bank;,1
$4.80&nbsp;billion,1
$137.58&nbsp;billion,1
unsubordinated,1
$40.47&nbsp;billion),1
$35.60&nbsp;billion,1
dislocation,1
identifies,1
quantifies,1
combinations,1
market-wide,1
elements:,1
challenged,1
spreads;,1
media),1
outflow:,1
scenario;,1
ratings;,1
crisis;,1
on-,1
upcoming,1
otc-cleared,1
constrained,1
view,1
stabilize,1
strictly,1
narrowly,1
(only,1
high-grade,1
marginable,1
averaged,1
$286.51,1
$273.49,1
$281.95,1
$275.69,1
(hqla),1
lcrs,1
(asf),1
(rsf),1
nsfrs,1
requirements:,1
(dbrs),1
(fitch),1
(moodys),1
poors,1
apex,1
base;,1
helpful,1
macro,1
$248,1
$241.58,1
receivables),1
weakening,1
$19.21,1
$241.83,1
payables),1
curvature,1
discuss,1
sizes;,1
earnings-at-risk,1
(ear),1
entity),1
aware,1
extreme;,1
predictions,1
simulations,1
shocking,1
variations,1
observations,1
improves,1
shifts,1
measures;,1
backtesting,1
complements,1
mark-to-market,1
100-,1
200-basis,1
instantaneous,1
shock,1
(deposit,1
beta),1
betas,1
landscape,1
(eve),1
non-trading,1
examine,1
factor,1
spreads),1
non-sovereign,1
constructed,1
(although,1
demonstrates,1
so),1
correlations),1
warranted,1
vars,1
perfectly,1
$99,1
$113,1
$93,1
$102,1
produces,1
$3.0,1
$2.0,1
(debt,1
own),1
$2&nbsp;million,1
$1&nbsp;million,1
$42&nbsp;million,1
$37&nbsp;million,1
convexity,1
yields),1
undertaken,1
mostly,1
concentrations;,1
obligations;,1
default;,1
hedging;,1
workout,1
inspect,1
non-payment,1
unlike,1
supplement,1
magnitude,1
falls,1
structural,1
(based,1
placing,1
$17.08&nbsp;billion,1
$16.94&nbsp;billion,1
(before,1
recoveries),1
bb,1
risk-managed,1
$29.6&nbsp;billion,1
$25.0&nbsp;billion,1
$4.6&nbsp;billion),1
$5.81,1
$4.85,1
hospitality,1
0.7%,1
$119,1
$7,1
$2.9,1
$2.7,1
$208,1
$5.4,1
$5.2,1
$215,1
$14.45,1
$14.62,1
$7.65,1
$8.07,1
$21.78,1
$16.89,1
(pursuant,1
$2.25&nbsp;billion,1
$1.88,1
$1.22,1
$1.76,1
now,1
argentine,1
$157,1
$55,1
$32,1
$70,1
ethiopia,1
lebanon,1
pakistan,1
sri,1
lanka,1
enforced,1
extraordinary,1
failures;,1
safety;,1
fraud;,1
formalized,1
business-level,1
well-controlled,1
automation,1
processes;,1
"""cybersecurity",1
"management""",1
domains,1
undergo,1
re-certifications,1
agree,1
readiness,1
bcp,1
up-to-date,1
minimizing,1
preventing,1
compromising,1
detective,1
cloud-provided,1
-hosted,1
program),1
appetite-approved,1
backup,1
database,1
erasure,1
software-as-a-service,1
resilience;,1
gauge,1
efficacy,1
penetration,1
red,1
defenses,1
improve,1
forensics,1
augment,1
covers,1
onboarding,1
ransomware,1
emphasized,1
phishing,1
assurances,1
occurrences,1
undetected,1
brief,1
cybersecurity-related,1
formal,1
(who,1
inappropriately,1
encompass,1
model-specific,1
refine,1
verify:,1
use;,1
intended;,1
model;,1
risks;,1
products;,1
escalates,1
categorize,1
manifest,1
ways,1
regulations;,1
designs,1
training;,1
testing;,1
investigates,1
surveils,1
breaches;,1
leads,1
universally,1
multilayered,1
formulates,1
ethical,1
7a,1
(coso),1
firm;,1
pricewaterhousecoopers,1
(pcaob,1
id,1
appearing,1
expresses,1
unqualified,1
statements),1
conformity,1
america,1
coso,1
express,1
(united,1
states),1
(pcaob),1
examining,1
subjective,1
alter,1
communicating,1
carries,1
$25.1,1
$28.7,1
securities;,1
$2.6,1
$157.2,1
cost;,1
financings),1
from/(used,1
(short-term),1
element,1
clears,1
swaps),1
individuals),1
offers,1
gm.</ix:continuation>,1
eliminated.</ix:continuation>,1
presentation.</ix:continuation>,1
footnotes:,1
(vie),1
usual,1
lacks,1
exert,1
owns,1
in-substance,1
investee,1
equity-method,1
remove,1
(nav),1
different.</ix:continuation>,1
(contracts,1
clients),1
non-refundable,1
milestone,1
reimbursements,1
(distribution,1
month-end,1
soft-dollar,1
2032,1
2032.</ix:continuation>,1
sales.</ix:continuation>,1
unsettled,1
conditional,1
merely,1
passage,1
material.</ix:continuation>,1
master,1
enforceability,1
liabilities.</ix:continuation>,1
remeasurement,1
nonfunctional,1
income.</ix:continuation>,1
848),1
2020-04,1
2021-01,1
clarified,1
848,1
326),1
(tdrs),1
121),1
adds,1
2022-03,1
2023-02,1
ventures,1
323),1
low-income,1
280),1
2023-07,1
2023-09,1
retrospectively,1
three-level,1
prioritizes,1
3),1
absolute,1
below:,1
cmbx,1
bonds);,1
(recovery,1
(duration),1
forbearances,1
speeds),1
recoveries;,1
cdx,1
convertibility,1
tender,1
offers),1
appropriate:,1
ebitda,1
multiples),1
techniques;,1
debt-like,1
obligation;,1
monte,1
carlo,1
simulations),1
tight,1
shape,1
curve,1
vs,1
2-year,1
electricity),1
base),1
agricultural),1
diesel,1
fuel,1
unleaded,1
gasoline),1
calibrated,1
verify,1
mid-market,1
calibrating,1
(determined,1
cross-level,1
(liabilities),1
arithmetic,1
fall,1
thermal,1
megawatt,1
hour,1
instruments:,1
currency),1
(index,1
qualities,1
(high-yield,1
investment-grade),1
width,1
directional,1
strongly,1
(price,1
location),1
adjusting,1
portfolios),1
concerns),1
above.</ix:continuation>,1
2023:,1
2022:,1
non-derivative,1
(exchange-traded),1
privately,1
(otc-cleared),1
(bilateral,1
otc),1
risk-specific,1
instrument-by-instrument,1
streams,1
markets.</ix:continuation>,1
enforceable.</ix:continuation>,1
than<br>&nbsp;1,1
5<br>&nbsp;years,1
cross-tenor,1
dissolution,1
derivatives:,1
(reference,1
suffers,1
premium,1
assumes,1
buys,1
broad-based,1
separated,1
(tranches),1
tranche,1
(basis,1
-<br>&nbsp;500,1
swaps.</ix:continuation>,1
realizes,1
(cvas),1
(fva),1
fva,1
agencies.</ix:continuation>,1
posted),1
qualify,1
formally,1
(sofr),1
sterling,1
coefficient,1
125%,1
(hedging,1
(increase/(decrease)),1
de-designated,1
(relating,1
points),1
operations),1
2021.</ix:continuation>,1
subsidiaries.</ix:continuation>,1
nav.</ix:continuation>,1
determinable,1
firm-sponsored,1
co-invests,1
buyouts,1
buyout,1
refinancings,1
closed-end,1
multi-disciplinary,1
any),1
unamortized,1
1%,1
assigns,1
or<br>&nbsp;equal,1
credit.</ix:continuation>,1
retail.</ix:continuation>,1
uncollected,1
collected,1
collectible,1
days<br>&nbsp;or,1
accruing,1
granting,1
concession,1
modification,1
forbearance,1
extensions),1
charged-off,1
weighing,1
losses:,1
borrower-related,1
exposure-related,1
(charge-offs)/recoveries,1
cost.</ix:continuation>,1
peaks,1
year-over-year,1
inputs.</ix:continuation>,1
seasoning,1
cards),1
to:,1
simplification,1
bifurcation,1
hosts),1
bifurcatable,1
commodities),1
elects,1
host,1
liabilities;,1
(deposits,1
election),1
non-principal-protected,1
(dva),1
dva,1
extinguishment,1
sheets),1
uncollectible),1
amounts.</ix:continuation>,1
gain/(loss),1
repos-,1
reverses-to-maturity),1
repurchased,1
resold,1
borrows,1
vies;,1
loans);,1
non-economic,1
repledged.</ix:continuation>,1
(substantially,1
them.</ix:continuation>,1
parenthetical,1
foreclosed,1
depreciated,1
date.</ix:continuation>,1
below.</ix:continuation>,1
compares,1
fundamentals,1
finite,1
method.</ix:continuation>,1
t</ix:continuation>here,1
write-downs,1
commencement,1
term.</ix:continuation>,1
assumed),1
shortened,1
</ix:continuation>there,1
amortizations,1
solutions),1
markdown,1
wrote,1
negotiable,1
lowered,1
(gsbe).</ix:continuation>,1
denominations,1
approximated,1
</ix:continuation>had,1
2061,1
equity-linked,1
cessation,1
(libor),1
libor,1
statutorily,1
exercisable,1
2029,1
thereafter.</ix:continuation>,1
borrowings.</ix:continuation>,1
2045,1
(trust,1
2034,1
coupon,1
defer,1
ten,1
consecutive,1
2016-02,1
842),1
asu.</ix:continuation>,1
securitizes,1
companies),1
resecuritization,1
vies),1
measurements.</ix:continuation>,1
extrapolated,1
simultaneous,1
sensitivities,1
cmos,1
interests.</ix:continuation>,1
equity),1
debt;,1
commitments;,1
interests;,1
equity;,1
guarantees;,1
considers:,1
performance;,1
holders;,1
structure;,1
activities:,1
projects),1
synthetically,1
rebalancing,1
vies.</ix:continuation>,1
rows,1
investing:,1
asset-backed:,1
funds:,1
eliminations,1
recourse,1
syndicate,1
unused,1
transactions.</ix:continuation>,1
borrowers.</ix:continuation>,1
purposes),1
sources),1
lending.</ix:continuation>,1
warehoused,1
participations,1
participates,1
commitments/,1
unused.</ix:continuation>,1
raises,1
(accounted,1
method),1
conclude,1
netting.</ix:continuation>,1
borrowed.</ix:continuation>,1
lent,1
fund-related,1
guarantees),1
arrangement,1
beneficiary.</ix:continuation>,1
reimbursement,1
guarantee;,1
intends,1
counterclaim,1
(plus,1
arbitral,1
trusts),1
unconditional,1
nonperformance,1
paying,1
trustees,1
administrators,1
custodial,1
sub-custodians,1
indemnification,1
venture,1
occasionally,1
ordinary-course,1
triggering,1
indemnify,1
unconditionally,1
nonvoting,1
remit,1
cancel,1
requirements.</ix:continuation>,1
remitted,1
january&nbsp;12,1
march&nbsp;28,1
february&nbsp;29,1
<br>per,1
redeeming,1
pari,1
passu,1
aside,1
latest,1
m,1
annum,1
3.75%,1
0.93161%,1
1.02911%,1
1.03161%,1
3.81161%,1
thereafter,1
4.09561%,1
3.13561%,1
2024;,1
3.623%,1
3.224%,1
2.85%,1
2.969%,1
2.915%,1
2.949%,1
2029;,1
3.156%,1
specified.</ix:continuation>,1
s,1
u,1
february&nbsp;12,1
january&nbsp;28,1
march&nbsp;1,1
february&nbsp;15,1
"<br>comprehensive<br>income/(loss)<br>adjustments,<br>net",1
(slr),1
relies,1
(cecl),1
cvas,1
disallowed,1
reaching,1
rules:,1
formulas,1
computes,1
ratings-based,1
formulaic,1
differs,1
(regulatory,1
var),1
multiplier,1
rwas;,1
stress;,1
non-securitized,1
horizon;,1
risk-weighting,1
exposures),1
volatility),1
(consisting,1
buffer),1
ratios.</ix:continuation>,1
ratings),1
determinants,1
conditions.</ix:continuation>,1
non-forfeitable,1
two-class,1
antidilutive,1
waive,1
debit,1
anti-abuse,1
taxed,1
(gilti),1
deductible,1
allowances,1
740,1
2033,1
distributable,1
twelve,1
jurisdictional,1
offsets,1
(irs),1
kingdom,1
post-filing,1
markets:,1
other:,1
team;,1
intermediation:,1
desk;,1
financing:,1
investments):,1
investments;,1
business:,1
client;,1
solutions:,1
client.</ix:continuation>,1
basis.</ix:continuation>,1
custodian,1
collateralize,1
france,1
450,1
sued,1
indemnified,1
demanding,1
(c),1
hereof,1
factual,1
novel,1
arrangers,1
justice,1
(doj),1
unsealed,1
plea,1
tim,1
indictment,1
chong,1
hwa,1
adjudicated,1
fcpas,1
counts,1
trial,1
attorney,1
generals,1
chambers,1
prosecution,1
abided,1
pleaded,1
sentenced,1
lawsuit,1
anti-fraud,1
purported,1
decertify,1
racketeer,1
portugal,1
(bop),1
rendered,1
facility),1
luxembourg,1
finance),1
(bes),1
(novo,1
banco),1
finds,1
claw,1
back,1
faith,1
knew,1
lisbon,1
nullification,1
(viacomcbs),1
lp,1
(archegos),1
corrected,1
court's,1
appellate,1
defendant,1
(baidu),1
(discovery),1
gsx,1
techedu,1
(gaotu),1
(iqiyi),1
music,1
entertainment,1
(tencent),1
(vipshop),1
gaotu,1
220,1
books,1
(svbfg),1
svbfgs,1
svb),1
rescissory,1
san,1
francisco,1
(uber),1
purporting,1
ninth,1
(gohealth),1
(array),1
(contextlogic),1
(asia),1
l.l.c,1
asia),1
(didi),1
american,1
(ads),1
(vroom),1
(zymergen),1
petitions,1
(waterdrop),1
stipulating,1
orange,1
(rivian),1
(natera),1
stipulation,1
discontinuance,1
(robinhood),1
(on24),1
(oscar,1
street),1
12(a)(2),1
(reata),1
(bright,1
(17edtech),1
17edtech,1
(lifestance),1
(miniso),1
(coupang),1
(yatsen),1
(rent,1
runway),1
arizona,1
(opendoor),1
(figs),1
(silvergate),1
plcs,1
(centessa),1
iqiyis,1
(f45),1
(olaplex),1
recommended,1
objections,1
judges,1
reserved,1
(vrdos),1
consolidating,1
pretrial,1
asserted,1
en,1
banc,1
(metro),1
equitable,1
dismissals,1
indemnities,1
metros,1
bidding,1
manipulation,1
odd-lot,1
odd-lots,1
ruling,1
wife,1
recuse,1
himself,1
enjoined,1
discriminated,1
2002,1
discrimination,1
studies,1
refunds,1
crediting,1
nonconforming,1
billing,1
advertisements,1
bureaus,1
consumer-related,1
subpoenas,1
services;,1
interest;,1
government-related,1
wall-cross,1
issuers;,1
laws;,1
(dark,1
pool),1
recording,1
controls;,1
inactive,1
hired,1
2003,1
retirees,1
dependents,1
sheets.</ix:continuation>,1
employer-sponsored,1
retirement-eligible,1
employees),1
expensed,1
forfeitures,1
(2021,1
sip),1
nonqualified,1
appreciation,1
successor,1
canceled,1
grantee,1
taxes),1
expects,1
shortly,1
vest,1
conflicted,1
conditioned,1
grantees,1
satisfying,1
(of,1
non-vested,1
awards.</ix:continuation>,1
nonbank,1
(earnings)/loss,1
from/(contributions,1
to),1
payments/(refunds),1
500),1
financials),1
$179.35,1
$193.77&nbsp;billion,1
$216.73&nbsp;billion,1
$194.86&nbsp;billion,1
$167.95&nbsp;billion,1
$183.50&nbsp;billion,1
$198.26&nbsp;billion,1
$49.78&nbsp;billion,1
$150.23&nbsp;billion,1
$40.56&nbsp;billion,1
$145.68&nbsp;billion,1
$37.11&nbsp;billion,1
volume/rate,1
variance,1
$10.34&nbsp;billion,1
$6.39&nbsp;billion,1
$111.60,1
$128.72&nbsp;billion,1
$69.30&nbsp;billion,1
$41.33&nbsp;billion,1
9a,1
13a-15(e),1
13a-15(f),1
9b,1
non-rule,1
408,1
9c,1
inspections,1
experts,1
recommend,1
nominees,1
(2024,1
statement),1
"20,444,953",1
(sip),1
column,1
cancellation,1
again,1
8-a,1
4.2,1
4.34,1
4.82,1
333-130074),1
4.70,1
333-154173),1
4.7,1
4.89,1
333-219206),1
333-239610),1
defining,1
omitted,1
601(b)(4)(iii),1
hereby,1
undertakes,1
copies,1
annex,1
schedule,1
14a,1
10.18,1
333-74449)),1
10.19,1
10.6,1
2004),1
10.21,1
d/b/a/,1
hugh,1
l,1
carey,1
2005).</a>,1
10.45,1
pacific,1
annuity,1
specifications,1
10.51,1
pmd,1
retiree,1
4.80,1
10.69,1
2008),1
10.36,1
10.37,1
10.38,1
2013),1
10.43,1
deed,1
gift,1
10.4,1
aircraft,1
2011),1
one-time/year-end,1
10.46,1
2020),1
10.53,1
2017),1
10.57,1
10.59,1
99.1,1
(nominee),1
22.1,1
13a-14(a),1
certifications.</a>,1
1350,1
certifications,1
(this,1
1933,1
406,1
formatted,1
(inline,1
extensible,1
language):,1
(formatted,1
undersigned,1
thereunto,1
capacities,1
(principal,1
<div,1
"ease-in-out,max-width",1
breach-popup__wrap{grid-template-rows:1fr}.breach-popup--expand,1
breach-popup__content{opacity:1;transform:translatey(0);transition:transform,1
ease-in-out;transition-delay:.15s}.breach-popup--expand,1
screen,1
(width,1
ease-in-out}.button-expand__arrow{pointer-events:none;transition:transform,1
ease-in-out;transform-origin:center}.button-expand--minimize,1
"button-expand__arrow,.button-expand--collapse",1
"button-expand__alert,.button-expand--expand",1
button-expand__alert{opacity:0}.button-expand--expand,1
"format(""woff2",1
"variations""),url(chrome-extension://majdfhpaihoncoakbjgbdhglocklcgno/fonts/figtreevf.woff2)",1
"format(""woff2-variations"");font-weight:100",1
